OrderID,OrderDate,CustomerName,Region,Category,Product,Quantity,UnitPrice,TotalSale,PaymentMethod
1370,2025-01-01,Customer 55,Kano,Electronics,Smartphone,2,151500.0,303000.0,Bank Transfer
1580,2025-01-01,Customer 115,Port Harcourt,Electronics,Power Bank,5,12400.0,62000.0,USSD
1432,2025-01-01,Customer 90,Port Harcourt,Beauty,Hair Dryer,3,12100.0,36300.0,USSD
1003,2025-01-04,Customer 98,Abuja,Beauty,Perfume,3,24300.0,72900.0,Bank Transfer
1267,2025-01-05,Customer 39,Kano,Beauty,Perfume,3,24600.0,73800.0,Card
1131,2025-01-05,Customer 116,Port Harcourt,Fashion,Handbag,4,28900.0,115600.0,USSD
1094,2025-01-08,Customer 91,Lagos,Electronics,Laptop,3,330700.0,992100.0,Bank Transfer
1287,2025-01-09,Customer 31,Lagos,Fashion,Sneakers,4,26300.0,105200.0,Bank Transfer
1152,2025-01-09,Customer 23,Abuja,Fashion,Sneakers,2,26200.0,52400.0,Cash on Delivery
1206,2025-01-09,Customer 81,Lagos,Beauty,Skincare Set,4,16800.0,67200.0,Bank Transfer
1192,2025-01-10,Customer 47,Lagos,Fashion,Sunglasses,4,10300.0,41200.0,Cash on Delivery
1107,2025-01-11,Customer 98,Kano,Electronics,Laptop,5,366400.0,1832000.0,Cash on Delivery
1285,2025-01-12,Customer 39,Lagos,Beauty,Body Lotion,2,6700.0,13400.0,USSD
1540,2025-01-13,Customer 117,Abuja,Beauty,Skincare Set,5,17300.0,86500.0,Cash on Delivery
1048,2025-01-13,Customer 23,Ibadan,Fashion,T-Shirt,2,9000.0,18000.0,Cash on Delivery
1202,2025-01-15,Customer 41,Abuja,Home & Living,Bed Sheet Set,1,13900.0,13900.0,Card
1421,2025-01-16,Customer 115,Lagos,Beauty,Hair Dryer,3,13600.0,40800.0,Cash on Delivery
1024,2025-01-17,Customer 111,Port Harcourt,Electronics,Smartphone,1,143600.0,143600.0,Cash on Delivery
1266,2025-01-19,Customer 108,Abuja,Electronics,Laptop,2,396700.0,793400.0,USSD
1248,2025-01-20,Customer 18,Abuja,Fashion,Sunglasses,5,9100.0,45500.0,Cash on Delivery
1049,2025-01-20,Customer 110,Lagos,Beauty,Perfume,1,21900.0,21900.0,USSD
1046,2025-01-22,Customer 40,Abuja,Electronics,Headphones,2,18100.0,36200.0,Cash on Delivery
1005,2025-01-23,Customer 94,Abuja,Beauty,Skincare Set,3,16800.0,50400.0,USSD
1128,2025-01-24,Customer 42,Lagos,Electronics,Power Bank,3,13500.0,40500.0,Card
1487,2025-01-24,Customer 39,Abuja,Electronics,Power Bank,3,11300.0,33900.0,Cash on Delivery
1281,2025-01-24,Customer 55,Ibadan,Beauty,Hair Dryer,2,13600.0,27200.0,Cash on Delivery
1315,2025-01-24,Customer 119,Lagos,Electronics,Laptop,5,356600.0,1783000.0,Card
1205,2025-01-25,Customer 31,Ibadan,Beauty,Skincare Set,2,15600.0,31200.0,USSD
1529,2025-01-25,Customer 119,Abuja,Beauty,Perfume,3,23600.0,70800.0,USSD
1499,2025-01-26,Customer 13,Kano,Fashion,Handbag,3,29000.0,87000.0,Bank Transfer
1262,2025-01-26,Customer 86,Port Harcourt,Fashion,Sneakers,5,24000.0,120000.0,Bank Transfer
1458,2025-01-26,Customer 96,Ibadan,Electronics,Power Bank,3,12900.0,38700.0,USSD
1252,2025-01-27,Customer 75,Abuja,Electronics,Smart Watch,5,47000.0,235000.0,USSD
1530,2025-01-28,Customer 2,Kano,Beauty,Makeup Kit,3,21700.0,65100.0,Cash on Delivery
1544,2025-01-28,Customer 23,Port Harcourt,Electronics,Power Bank,1,11100.0,11100.0,Cash on Delivery
1279,2025-01-29,Customer 59,Abuja,Fashion,Sunglasses,5,10100.0,50500.0,Bank Transfer
1289,2025-01-29,Customer 18,Abuja,Fashion,Sneakers,2,25900.0,51800.0,Cash on Delivery
1010,2025-01-29,Customer 30,Lagos,Home & Living,Curtains,3,12200.0,36600.0,Card
1473,2025-01-30,Customer 104,Lagos,Home & Living,Table Lamp,5,9800.0,49000.0,USSD
1482,2025-01-30,Customer 1,Abuja,Fashion,Sneakers,2,24500.0,49000.0,USSD
1294,2025-01-30,Customer 72,Ibadan,Fashion,Jeans,2,16500.0,33000.0,USSD
1361,2025-01-31,Customer 73,Lagos,Fashion,Sunglasses,2,11000.0,22000.0,Cash on Delivery
1448,2025-02-01,Customer 108,Abuja,Home & Living,Curtains,5,10500.0,52500.0,USSD
1069,2025-02-02,Customer 54,Abuja,Fashion,T-Shirt,2,8600.0,17200.0,USSD
1506,2025-02-02,Customer 34,Lagos,Beauty,Makeup Kit,4,19200.0,76800.0,Cash on Delivery
1153,2025-02-02,Customer 61,Port Harcourt,Electronics,Laptop,5,324900.0,1624500.0,USSD
1435,2025-02-04,Customer 45,Lagos,Home & Living,Cookware Set,2,26900.0,53800.0,Cash on Delivery
1020,2025-02-05,Customer 98,Kano,Fashion,Sunglasses,1,10800.0,10800.0,Bank Transfer
1543,2025-02-06,Customer 96,Ibadan,Fashion,Sunglasses,4,10600.0,42400.0,Bank Transfer
1097,2025-02-07,Customer 74,Lagos,Home & Living,Cookware Set,1,28000.0,28000.0,Card
1439,2025-02-08,Customer 71,Lagos,Electronics,Headphones,4,16900.0,67600.0,Card
1365,2025-02-08,Customer 82,Port Harcourt,Fashion,Sunglasses,4,9900.0,39600.0,Card
1532,2025-02-08,Customer 24,Lagos,Fashion,T-Shirt,2,9200.0,18400.0,Bank Transfer
1029,2025-02-08,Customer 57,Lagos,Fashion,Handbag,4,28900.0,115600.0,Card
1570,2025-02-09,Customer 66,Ibadan,Electronics,Smart Watch,4,42400.0,169600.0,Cash on Delivery
1328,2025-02-09,Customer 47,Lagos,Fashion,Handbag,3,30600.0,91800.0,Cash on Delivery
1568,2025-02-09,Customer 67,Port Harcourt,Fashion,Handbag,3,31400.0,94200.0,Cash on Delivery
1007,2025-02-10,Customer 110,Lagos,Fashion,Sneakers,2,27300.0,54600.0,Bank Transfer
1169,2025-02-11,Customer 35,Lagos,Electronics,Smartphone,5,136900.0,684500.0,USSD
1444,2025-02-11,Customer 61,Lagos,Fashion,Sneakers,2,26500.0,53000.0,Card
1355,2025-02-12,Customer 73,Abuja,Beauty,Makeup Kit,4,19400.0,77600.0,Card
1541,2025-02-12,Customer 13,Lagos,Beauty,Makeup Kit,2,18600.0,37200.0,Bank Transfer
1216,2025-02-12,Customer 94,Abuja,Beauty,Makeup Kit,5,18400.0,92000.0,USSD
1337,2025-02-13,Customer 14,Port Harcourt,Electronics,Headphones,5,18900.0,94500.0,Bank Transfer
1418,2025-02-14,Customer 36,Abuja,Home & Living,Cookware Set,5,28600.0,143000.0,USSD
1388,2025-02-14,Customer 119,Port Harcourt,Home & Living,Cookware Set,2,25600.0,51200.0,USSD
1594,2025-02-14,Customer 36,Lagos,Electronics,Headphones,1,20600.0,20600.0,USSD
1359,2025-02-14,Customer 57,Abuja,Home & Living,Blender,3,22300.0,66900.0,Card
1265,2025-02-15,Customer 84,Lagos,Home & Living,Table Lamp,1,10100.0,10100.0,Bank Transfer
1409,2025-02-16,Customer 21,Lagos,Fashion,Handbag,3,33400.0,100200.0,Cash on Delivery
1127,2025-02-16,Customer 56,Port Harcourt,Electronics,Laptop,3,402300.0,1206900.0,Card
1242,2025-02-16,Customer 51,Abuja,Beauty,Body Lotion,3,6100.0,18300.0,USSD
1147,2025-02-20,Customer 88,Abuja,Fashion,Handbag,2,33400.0,66800.0,Cash on Delivery
1123,2025-02-21,Customer 112,Lagos,Beauty,Skincare Set,5,15700.0,78500.0,USSD
1498,2025-02-21,Customer 116,Ibadan,Fashion,Sneakers,1,27000.0,27000.0,Cash on Delivery
1263,2025-02-21,Customer 88,Lagos,Fashion,Sneakers,3,27000.0,81000.0,Bank Transfer
1455,2025-02-21,Customer 119,Abuja,Fashion,T-Shirt,5,8700.0,43500.0,Card
1378,2025-02-21,Customer 18,Port Harcourt,Beauty,Body Lotion,2,5500.0,11000.0,Card
1375,2025-02-22,Customer 14,Lagos,Beauty,Skincare Set,1,17300.0,17300.0,Cash on Delivery
1001,2025-02-22,Customer 87,Port Harcourt,Electronics,Smartphone,2,143400.0,286800.0,Card
1412,2025-02-22,Customer 103,Port Harcourt,Beauty,Body Lotion,2,5500.0,11000.0,Bank Transfer
1163,2025-02-23,Customer 74,Kano,Beauty,Skincare Set,5,15600.0,78000.0,Bank Transfer
1041,2025-02-24,Customer 96,Kano,Home & Living,Blender,2,19300.0,38600.0,Bank Transfer
1017,2025-02-24,Customer 112,Kano,Electronics,Headphones,2,18500.0,37000.0,Cash on Delivery
1063,2025-02-24,Customer 100,Lagos,Beauty,Perfume,1,24700.0,24700.0,USSD
1558,2025-02-25,Customer 23,Abuja,Beauty,Makeup Kit,3,19400.0,58200.0,Card
1251,2025-02-26,Customer 54,Ibadan,Home & Living,Cookware Set,3,27500.0,82500.0,Cash on Delivery
1158,2025-02-28,Customer 110,Port Harcourt,Beauty,Body Lotion,1,6600.0,6600.0,Bank Transfer
1115,2025-02-28,Customer 60,Abuja,Electronics,Smart Watch,2,51700.0,103400.0,Card
1343,2025-02-28,Customer 3,Lagos,Beauty,Hair Dryer,1,14300.0,14300.0,Cash on Delivery
1500,2025-03-01,Customer 13,Abuja,Electronics,Headphones,3,18100.0,54300.0,Card
1394,2025-03-01,Customer 30,Ibadan,Fashion,Jeans,5,16000.0,80000.0,Card
1571,2025-03-02,Customer 85,Lagos,Fashion,T-Shirt,3,8400.0,25200.0,Bank Transfer
1391,2025-03-02,Customer 99,Lagos,Fashion,Jeans,3,16200.0,48600.0,Card
1273,2025-03-02,Customer 60,Port Harcourt,Electronics,Headphones,2,16500.0,33000.0,Cash on Delivery
1408,2025-03-03,Customer 69,Lagos,Fashion,Sneakers,4,24500.0,98000.0,Cash on Delivery
1162,2025-03-04,Customer 53,Kano,Electronics,Smart Watch,5,44200.0,221000.0,Cash on Delivery
1141,2025-03-05,Customer 59,Ibadan,Home & Living,Blender,1,19300.0,19300.0,Cash on Delivery
1095,2025-03-06,Customer 82,Kano,Home & Living,Blender,5,19500.0,97500.0,USSD
1533,2025-03-08,Customer 21,Lagos,Electronics,Power Bank,3,12500.0,37500.0,Cash on Delivery
1138,2025-03-09,Customer 101,Lagos,Electronics,Headphones,4,17000.0,68000.0,Cash on Delivery
1025,2025-03-09,Customer 93,Lagos,Electronics,Smart Watch,4,42900.0,171600.0,USSD
1268,2025-03-10,Customer 109,Abuja,Home & Living,Table Lamp,5,9300.0,46500.0,USSD
1582,2025-03-10,Customer 33,Ibadan,Home & Living,Curtains,5,10200.0,51000.0,USSD
1407,2025-03-11,Customer 100,Lagos,Home & Living,Cookware Set,1,31800.0,31800.0,Card
1329,2025-03-11,Customer 39,Abuja,Fashion,Handbag,2,30400.0,60800.0,Card
1193,2025-03-12,Customer 20,Lagos,Fashion,T-Shirt,4,7600.0,30400.0,Card
1013,2025-03-12,Customer 66,Abuja,Beauty,Body Lotion,2,6900.0,13800.0,USSD
1249,2025-03-13,Customer 42,Abuja,Beauty,Body Lotion,5,6700.0,33500.0,Cash on Delivery
1012,2025-03-13,Customer 32,Abuja,Fashion,Handbag,4,28100.0,112400.0,Cash on Delivery
1403,2025-03-14,Customer 92,Abuja,Fashion,Handbag,1,34300.0,34300.0,Cash on Delivery
1428,2025-03-14,Customer 100,Lagos,Home & Living,Blender,5,21500.0,107500.0,Card
1341,2025-03-14,Customer 45,Lagos,Beauty,Skincare Set,1,14900.0,14900.0,Cash on Delivery
1220,2025-03-15,Customer 109,Abuja,Electronics,Power Bank,2,13700.0,27400.0,USSD
1180,2025-03-16,Customer 33,Abuja,Fashion,Jeans,2,14400.0,28800.0,Bank Transfer
1302,2025-03-16,Customer 3,Abuja,Home & Living,Table Lamp,5,10000.0,50000.0,Cash on Delivery
1150,2025-03-17,Customer 101,Lagos,Fashion,Sunglasses,2,9800.0,19600.0,Card
1156,2025-03-17,Customer 9,Lagos,Beauty,Makeup Kit,1,18600.0,18600.0,Bank Transfer
1395,2025-03-18,Customer 23,Lagos,Electronics,Smartphone,4,148600.0,594400.0,Card
1561,2025-03-18,Customer 47,Ibadan,Home & Living,Curtains,5,11200.0,56000.0,USSD
1340,2025-03-19,Customer 45,Abuja,Beauty,Hair Dryer,5,13900.0,69500.0,Card
1307,2025-03-19,Customer 2,Ibadan,Beauty,Perfume,2,20200.0,40400.0,Bank Transfer
1160,2025-03-20,Customer 88,Abuja,Electronics,Headphones,3,17900.0,53700.0,USSD
1226,2025-03-22,Customer 92,Abuja,Home & Living,Blender,3,22500.0,67500.0,Bank Transfer
1101,2025-03-22,Customer 1,Lagos,Home & Living,Blender,2,20800.0,41600.0,USSD
1483,2025-03-23,Customer 63,Ibadan,Home & Living,Bed Sheet Set,2,14600.0,29200.0,Card
1422,2025-03-23,Customer 13,Abuja,Electronics,Power Bank,5,13800.0,69000.0,Bank Transfer
1588,2025-03-24,Customer 13,Port Harcourt,Fashion,Sneakers,4,27400.0,109600.0,Bank Transfer
1198,2025-03-24,Customer 105,Ibadan,Beauty,Hair Dryer,5,13400.0,67000.0,Bank Transfer
1573,2025-03-24,Customer 18,Lagos,Beauty,Skincare Set,2,16700.0,33400.0,Card
1009,2025-03-25,Customer 60,Port Harcourt,Electronics,Smart Watch,5,48700.0,243500.0,USSD
1079,2025-03-25,Customer 40,Port Harcourt,Home & Living,Bed Sheet Set,1,15300.0,15300.0,Card
1104,2025-03-26,Customer 102,Kano,Fashion,T-Shirt,2,7300.0,14600.0,Cash on Delivery
1031,2025-03-26,Customer 49,Lagos,Beauty,Makeup Kit,4,21400.0,85600.0,Card
1218,2025-03-27,Customer 89,Lagos,Home & Living,Table Lamp,5,9700.0,48500.0,USSD
1436,2025-03-27,Customer 114,Lagos,Electronics,Smartphone,4,162500.0,650000.0,USSD
1179,2025-03-28,Customer 10,Port Harcourt,Beauty,Hair Dryer,2,12800.0,25600.0,Card
1490,2025-03-28,Customer 16,Lagos,Fashion,T-Shirt,1,8400.0,8400.0,Cash on Delivery
1356,2025-03-28,Customer 100,Lagos,Fashion,Jeans,2,15500.0,31000.0,USSD
1059,2025-03-28,Customer 85,Abuja,Beauty,Makeup Kit,2,19500.0,39000.0,Card
1411,2025-03-31,Customer 4,Lagos,Beauty,Body Lotion,3,5800.0,17400.0,USSD
1151,2025-03-31,Customer 15,Kano,Home & Living,Bed Sheet Set,5,13500.0,67500.0,Card
1057,2025-03-31,Customer 79,Port Harcourt,Fashion,Handbag,4,32100.0,128400.0,Cash on Delivery
1465,2025-04-01,Customer 112,Lagos,Electronics,Smartphone,4,157300.0,629200.0,USSD
1310,2025-04-02,Customer 14,Ibadan,Electronics,Smart Watch,4,49600.0,198400.0,Card
1108,2025-04-03,Customer 75,Abuja,Electronics,Laptop,4,395200.0,1580800.0,USSD
1552,2025-04-03,Customer 86,Lagos,Fashion,T-Shirt,3,7600.0,22800.0,Card
1576,2025-04-04,Customer 80,Lagos,Beauty,Body Lotion,5,6600.0,33000.0,Cash on Delivery
1271,2025-04-05,Customer 18,Lagos,Beauty,Body Lotion,4,6400.0,25600.0,USSD
1223,2025-04-06,Customer 64,Lagos,Home & Living,Table Lamp,1,8200.0,8200.0,USSD
1345,2025-04-06,Customer 82,Lagos,Beauty,Makeup Kit,4,20100.0,80400.0,USSD
1583,2025-04-07,Customer 1,Lagos,Fashion,Sneakers,5,25100.0,125500.0,Card
1298,2025-04-08,Customer 95,Lagos,Fashion,Jeans,1,14300.0,14300.0,Card
1028,2025-04-08,Customer 69,Ibadan,Beauty,Hair Dryer,1,12500.0,12500.0,USSD
1518,2025-04-08,Customer 92,Lagos,Fashion,T-Shirt,4,7600.0,30400.0,Cash on Delivery
1241,2025-04-08,Customer 98,Ibadan,Fashion,T-Shirt,5,8600.0,43000.0,Bank Transfer
1441,2025-04-08,Customer 53,Lagos,Beauty,Perfume,3,20900.0,62700.0,Cash on Delivery
1092,2025-04-09,Customer 41,Lagos,Beauty,Hair Dryer,2,12100.0,24200.0,Card
1270,2025-04-09,Customer 23,Port Harcourt,Fashion,Sneakers,3,26000.0,78000.0,USSD
1451,2025-04-09,Customer 17,Lagos,Electronics,Power Bank,2,13700.0,27400.0,Card
1245,2025-04-10,Customer 47,Lagos,Beauty,Hair Dryer,1,13600.0,13600.0,Cash on Delivery
1197,2025-04-10,Customer 48,Lagos,Fashion,Sunglasses,4,11300.0,45200.0,USSD
1103,2025-04-12,Customer 55,Kano,Electronics,Laptop,5,372900.0,1864500.0,Card
1080,2025-04-12,Customer 10,Abuja,Electronics,Headphones,4,18000.0,72000.0,Bank Transfer
1553,2025-04-12,Customer 93,Lagos,Beauty,Body Lotion,1,5800.0,5800.0,USSD
1212,2025-04-14,Customer 6,Lagos,Fashion,T-Shirt,4,7300.0,29200.0,Bank Transfer
1295,2025-04-15,Customer 43,Abuja,Beauty,Body Lotion,4,5800.0,23200.0,Card
1496,2025-04-17,Customer 89,Lagos,Home & Living,Cookware Set,1,29000.0,29000.0,USSD
1100,2025-04-17,Customer 81,Kano,Electronics,Smart Watch,1,51200.0,51200.0,Bank Transfer
1235,2025-04-18,Customer 99,Lagos,Electronics,Smartphone,5,144900.0,724500.0,USSD
1416,2025-04-20,Customer 117,Abuja,Beauty,Skincare Set,4,15100.0,60400.0,Bank Transfer
1467,2025-04-20,Customer 110,Lagos,Electronics,Power Bank,5,13100.0,65500.0,Bank Transfer
1377,2025-04-20,Customer 81,Port Harcourt,Electronics,Smart Watch,4,44500.0,178000.0,Bank Transfer
1384,2025-04-21,Customer 6,Lagos,Beauty,Skincare Set,1,14500.0,14500.0,Card
1204,2025-04-21,Customer 107,Port Harcourt,Beauty,Makeup Kit,1,17200.0,17200.0,Bank Transfer
1276,2025-04-22,Customer 98,Kano,Beauty,Body Lotion,5,6600.0,33000.0,Bank Transfer
1470,2025-04-22,Customer 60,Ibadan,Home & Living,Cookware Set,3,28400.0,85200.0,Cash on Delivery
1426,2025-04-23,Customer 3,Lagos,Fashion,Handbag,1,28700.0,28700.0,USSD
1423,2025-04-23,Customer 74,Abuja,Fashion,Jeans,1,16400.0,16400.0,USSD
1600,2025-04-23,Customer 87,Lagos,Electronics,Power Bank,1,11900.0,11900.0,Bank Transfer
1431,2025-04-25,Customer 86,Port Harcourt,Fashion,Sunglasses,5,11000.0,55000.0,Bank Transfer
1507,2025-04-25,Customer 86,Ibadan,Electronics,Smart Watch,5,48600.0,243000.0,Cash on Delivery
1140,2025-04-26,Customer 111,Kano,Electronics,Power Bank,2,13100.0,26200.0,USSD
1258,2025-04-26,Customer 39,Kano,Beauty,Perfume,3,22900.0,68700.0,Cash on Delivery
1373,2025-04-26,Customer 67,Lagos,Electronics,Smartphone,1,140000.0,140000.0,USSD
1050,2025-04-27,Customer 29,Ibadan,Fashion,T-Shirt,4,7900.0,31600.0,Card
1023,2025-04-28,Customer 76,Lagos,Fashion,T-Shirt,1,8400.0,8400.0,Bank Transfer
1577,2025-04-28,Customer 49,Kano,Fashion,Jeans,5,15700.0,78500.0,USSD
1121,2025-04-30,Customer 110,Kano,Home & Living,Bed Sheet Set,2,14600.0,29200.0,USSD
1142,2025-04-30,Customer 61,Abuja,Home & Living,Curtains,3,10200.0,30600.0,Card
1372,2025-04-30,Customer 55,Lagos,Home & Living,Bed Sheet Set,3,15100.0,45300.0,Card
1035,2025-05-01,Customer 52,Lagos,Electronics,Laptop,1,374100.0,374100.0,Card
1449,2025-05-01,Customer 61,Port Harcourt,Beauty,Body Lotion,4,6300.0,25200.0,Cash on Delivery
1060,2025-05-01,Customer 87,Port Harcourt,Home & Living,Curtains,5,10800.0,54000.0,Cash on Delivery
1030,2025-05-02,Customer 22,Ibadan,Electronics,Smart Watch,1,50900.0,50900.0,USSD
1227,2025-05-02,Customer 102,Lagos,Home & Living,Curtains,2,12100.0,24200.0,USSD
1067,2025-05-03,Customer 36,Ibadan,Fashion,Jeans,5,15300.0,76500.0,USSD
1299,2025-05-03,Customer 71,Port Harcourt,Beauty,Perfume,2,22000.0,44000.0,Cash on Delivery
1350,2025-05-03,Customer 40,Abuja,Home & Living,Curtains,2,10800.0,21600.0,Card
1130,2025-05-04,Customer 64,Lagos,Fashion,T-Shirt,4,8400.0,33600.0,Bank Transfer
1317,2025-05-04,Customer 73,Kano,Fashion,Handbag,3,28200.0,84600.0,USSD
1539,2025-05-05,Customer 6,Lagos,Home & Living,Cookware Set,5,31600.0,158000.0,Cash on Delivery
1090,2025-05-05,Customer 40,Lagos,Beauty,Skincare Set,2,16000.0,32000.0,Cash on Delivery
1399,2025-05-05,Customer 60,Lagos,Home & Living,Bed Sheet Set,3,15200.0,45600.0,Cash on Delivery
1400,2025-05-06,Customer 20,Port Harcourt,Beauty,Perfume,5,24000.0,120000.0,Card
1085,2025-05-06,Customer 107,Ibadan,Beauty,Makeup Kit,5,18400.0,92000.0,Card
1556,2025-05-07,Customer 101,Kano,Home & Living,Table Lamp,2,8100.0,16200.0,Bank Transfer
1379,2025-05-07,Customer 36,Kano,Beauty,Hair Dryer,3,14300.0,42900.0,Card
1463,2025-05-08,Customer 5,Lagos,Electronics,Laptop,2,388200.0,776400.0,USSD
1098,2025-05-08,Customer 16,Ibadan,Fashion,T-Shirt,3,7400.0,22200.0,USSD
1209,2025-05-10,Customer 96,Lagos,Beauty,Makeup Kit,4,21800.0,87200.0,Card
1477,2025-05-13,Customer 93,Lagos,Fashion,Sunglasses,1,10200.0,10200.0,Bank Transfer
1474,2025-05-13,Customer 117,Port Harcourt,Home & Living,Bed Sheet Set,4,16100.0,64400.0,USSD
1074,2025-05-14,Customer 49,Lagos,Electronics,Power Bank,4,11300.0,45200.0,Cash on Delivery
1044,2025-05-15,Customer 21,Lagos,Electronics,Smartphone,2,158900.0,317800.0,USSD
1495,2025-05-15,Customer 107,Abuja,Electronics,Smartphone,5,142500.0,712500.0,Bank Transfer
1244,2025-05-16,Customer 94,Lagos,Home & Living,Curtains,1,11100.0,11100.0,Cash on Delivery
1456,2025-05-16,Customer 50,Ibadan,Electronics,Headphones,3,20200.0,60600.0,USSD
1565,2025-05-16,Customer 48,Lagos,Beauty,Hair Dryer,4,12500.0,50000.0,Bank Transfer
1052,2025-05-16,Customer 5,Lagos,Home & Living,Blender,3,18900.0,56700.0,Card
1272,2025-05-17,Customer 43,Lagos,Home & Living,Bed Sheet Set,4,13400.0,53600.0,Cash on Delivery
1105,2025-05-20,Customer 65,Lagos,Home & Living,Cookware Set,3,30100.0,90300.0,USSD
1116,2025-05-20,Customer 54,Kano,Fashion,Handbag,3,30800.0,92400.0,USSD
1309,2025-05-21,Customer 69,Abuja,Electronics,Smart Watch,1,40700.0,40700.0,Cash on Delivery
1259,2025-05-21,Customer 37,Lagos,Fashion,Handbag,3,31200.0,93600.0,Card
1567,2025-05-21,Customer 107,Lagos,Electronics,Headphones,5,19100.0,95500.0,Cash on Delivery
1596,2025-05-22,Customer 29,Kano,Home & Living,Curtains,3,10900.0,32700.0,Bank Transfer
1363,2025-05-22,Customer 111,Kano,Electronics,Laptop,4,395400.0,1581600.0,Bank Transfer
1051,2025-05-23,Customer 45,Lagos,Fashion,Handbag,1,34300.0,34300.0,USSD
1146,2025-05-24,Customer 5,Port Harcourt,Fashion,Handbag,4,31600.0,126400.0,Cash on Delivery
1189,2025-05-26,Customer 33,Lagos,Home & Living,Blender,5,21400.0,107000.0,Bank Transfer
1184,2025-05-27,Customer 10,Abuja,Electronics,Headphones,1,16500.0,16500.0,Card
1260,2025-05-28,Customer 92,Ibadan,Beauty,Makeup Kit,2,18500.0,37000.0,Card
1240,2025-05-29,Customer 50,Abuja,Electronics,Headphones,2,16600.0,33200.0,USSD
1334,2025-05-30,Customer 107,Kano,Electronics,Power Bank,2,12100.0,24200.0,Card
1362,2025-05-30,Customer 38,Abuja,Home & Living,Curtains,3,12600.0,37800.0,Cash on Delivery
1134,2025-06-01,Customer 3,Abuja,Beauty,Body Lotion,3,6900.0,20700.0,USSD
1381,2025-06-01,Customer 83,Port Harcourt,Fashion,Sunglasses,2,10900.0,21800.0,Card
1139,2025-06-01,Customer 96,Lagos,Home & Living,Bed Sheet Set,4,16000.0,64000.0,Cash on Delivery
1172,2025-06-04,Customer 28,Kano,Fashion,Handbag,1,27100.0,27100.0,Bank Transfer
1236,2025-06-04,Customer 62,Ibadan,Electronics,Power Bank,5,11700.0,58500.0,Bank Transfer
1019,2025-06-07,Customer 31,Lagos,Home & Living,Cookware Set,3,31400.0,94200.0,Card
1402,2025-06-07,Customer 14,Ibadan,Home & Living,Blender,4,22200.0,88800.0,Bank Transfer
1280,2025-06-07,Customer 93,Abuja,Beauty,Makeup Kit,5,19300.0,96500.0,Card
1478,2025-06-07,Customer 54,Lagos,Home & Living,Blender,2,21700.0,43400.0,Cash on Delivery
1190,2025-06-08,Customer 84,Abuja,Home & Living,Blender,2,22600.0,45200.0,USSD
1386,2025-06-08,Customer 11,Abuja,Electronics,Smart Watch,2,43600.0,87200.0,Bank Transfer
1168,2025-06-09,Customer 93,Abuja,Fashion,Handbag,3,28200.0,84600.0,Cash on Delivery
1316,2025-06-11,Customer 3,Abuja,Home & Living,Curtains,1,10400.0,10400.0,Bank Transfer
1584,2025-06-11,Customer 53,Lagos,Electronics,Smart Watch,2,48200.0,96400.0,Cash on Delivery
1301,2025-06-13,Customer 118,Ibadan,Beauty,Skincare Set,4,17400.0,69600.0,Bank Transfer
1434,2025-06-13,Customer 22,Port Harcourt,Fashion,Jeans,2,14800.0,29600.0,Card
1239,2025-06-13,Customer 31,Ibadan,Beauty,Perfume,5,22900.0,114500.0,USSD
1238,2025-06-13,Customer 94,Port Harcourt,Fashion,Jeans,3,16700.0,50100.0,Cash on Delivery
1438,2025-06-13,Customer 34,Lagos,Fashion,Handbag,1,29200.0,29200.0,Card
1396,2025-06-13,Customer 35,Lagos,Beauty,Perfume,4,24800.0,99200.0,Card
1217,2025-06-14,Customer 14,Port Harcourt,Electronics,Power Bank,2,12400.0,24800.0,Card
1290,2025-06-14,Customer 31,Lagos,Fashion,Sunglasses,5,10900.0,54500.0,Cash on Delivery
1460,2025-06-14,Customer 35,Lagos,Fashion,T-Shirt,4,8700.0,34800.0,USSD
1485,2025-06-14,Customer 97,Lagos,Electronics,Smart Watch,3,51200.0,153600.0,Bank Transfer
1510,2025-06-14,Customer 31,Ibadan,Beauty,Makeup Kit,1,20700.0,20700.0,Cash on Delivery
1534,2025-06-15,Customer 77,Abuja,Electronics,Headphones,2,16400.0,32800.0,Card
1453,2025-06-16,Customer 110,Lagos,Home & Living,Blender,5,20000.0,100000.0,Cash on Delivery
1330,2025-06-18,Customer 57,Ibadan,Beauty,Hair Dryer,4,14300.0,57200.0,Cash on Delivery
1515,2025-06-19,Customer 72,Ibadan,Home & Living,Table Lamp,2,10000.0,20000.0,USSD
1214,2025-06-19,Customer 35,Lagos,Electronics,Laptop,1,390800.0,390800.0,Card
1557,2025-06-19,Customer 113,Ibadan,Beauty,Hair Dryer,2,13900.0,27800.0,USSD
1314,2025-06-19,Customer 73,Abuja,Fashion,Sneakers,4,26500.0,106000.0,Card
1537,2025-06-19,Customer 47,Lagos,Electronics,Headphones,2,19200.0,38400.0,Cash on Delivery
1210,2025-06-20,Customer 18,Lagos,Home & Living,Blender,1,21900.0,21900.0,Card
1368,2025-06-22,Customer 71,Abuja,Beauty,Perfume,3,24400.0,73200.0,Bank Transfer
1429,2025-06-22,Customer 39,Abuja,Home & Living,Blender,4,20900.0,83600.0,Cash on Delivery
1004,2025-06-22,Customer 14,Lagos,Beauty,Hair Dryer,2,14800.0,29600.0,Card
1188,2025-06-23,Customer 87,Kano,Home & Living,Table Lamp,4,9000.0,36000.0,Card
1096,2025-06-24,Customer 24,Abuja,Electronics,Smartphone,4,153000.0,612000.0,Card
1319,2025-06-24,Customer 78,Lagos,Home & Living,Blender,2,22200.0,44400.0,USSD
1427,2025-06-24,Customer 92,Kano,Electronics,Headphones,2,19800.0,39600.0,Bank Transfer
1522,2025-06-25,Customer 38,Kano,Beauty,Makeup Kit,2,18400.0,36800.0,USSD
1569,2025-06-26,Customer 63,Abuja,Beauty,Perfume,3,24300.0,72900.0,USSD
1486,2025-06-26,Customer 40,Port Harcourt,Electronics,Smartphone,2,143500.0,287000.0,Bank Transfer
1286,2025-06-27,Customer 20,Abuja,Beauty,Body Lotion,2,5800.0,11600.0,Cash on Delivery
1390,2025-06-27,Customer 67,Port Harcourt,Electronics,Smartphone,1,141100.0,141100.0,Cash on Delivery
1284,2025-06-28,Customer 16,Port Harcourt,Beauty,Skincare Set,5,14900.0,74500.0,Bank Transfer
1039,2025-06-28,Customer 113,Lagos,Electronics,Smart Watch,3,42000.0,126000.0,Card
1166,2025-06-29,Customer 1,Lagos,Home & Living,Blender,3,22600.0,67800.0,Bank Transfer
1076,2025-06-29,Customer 29,Port Harcourt,Beauty,Skincare Set,1,18400.0,18400.0,Card
1516,2025-07-01,Customer 107,Lagos,Home & Living,Cookware Set,2,25200.0,50400.0,Cash on Delivery
1047,2025-07-01,Customer 100,Lagos,Electronics,Headphones,2,19200.0,38400.0,USSD
1311,2025-07-01,Customer 35,Lagos,Fashion,T-Shirt,5,7700.0,38500.0,USSD
1257,2025-07-01,Customer 87,Abuja,Home & Living,Bed Sheet Set,5,13800.0,69000.0,Cash on Delivery
1008,2025-07-01,Customer 27,Lagos,Electronics,Power Bank,3,11300.0,33900.0,Cash on Delivery
1087,2025-07-01,Customer 103,Ibadan,Electronics,Power Bank,2,12300.0,24600.0,Cash on Delivery
1320,2025-07-02,Customer 71,Port Harcourt,Home & Living,Blender,4,20500.0,82000.0,USSD
1371,2025-07-04,Customer 33,Lagos,Fashion,Jeans,3,13900.0,41700.0,Card
1300,2025-07-04,Customer 66,Abuja,Home & Living,Cookware Set,3,27400.0,82200.0,USSD
1137,2025-07-06,Customer 94,Lagos,Electronics,Smartphone,4,136300.0,545200.0,Bank Transfer
1247,2025-07-07,Customer 97,Abuja,Fashion,Sneakers,3,26000.0,78000.0,Bank Transfer
1404,2025-07-10,Customer 59,Kano,Electronics,Smartphone,5,150500.0,752500.0,Card
1161,2025-07-10,Customer 104,Ibadan,Electronics,Smartphone,1,151200.0,151200.0,Bank Transfer
1471,2025-07-11,Customer 72,Lagos,Beauty,Body Lotion,5,6900.0,34500.0,Cash on Delivery
1191,2025-07-12,Customer 83,Port Harcourt,Fashion,Sunglasses,1,9800.0,9800.0,Cash on Delivery
1296,2025-07-13,Customer 87,Lagos,Beauty,Hair Dryer,2,11900.0,23800.0,Card
1253,2025-07-14,Customer 19,Port Harcourt,Fashion,Sunglasses,5,10900.0,54500.0,Bank Transfer
1492,2025-07-14,Customer 16,Lagos,Electronics,Smartphone,1,150600.0,150600.0,Cash on Delivery
1526,2025-07-15,Customer 19,Ibadan,Home & Living,Cookware Set,5,25900.0,129500.0,Card
1157,2025-07-15,Customer 77,Port Harcourt,Home & Living,Curtains,5,11900.0,59500.0,Cash on Delivery
1283,2025-07-15,Customer 58,Ibadan,Beauty,Perfume,4,21900.0,87600.0,USSD
1591,2025-07-16,Customer 120,Lagos,Electronics,Headphones,1,18900.0,18900.0,USSD
1215,2025-07-17,Customer 44,Ibadan,Home & Living,Cookware Set,4,31500.0,126000.0,Bank Transfer
1071,2025-07-19,Customer 110,Lagos,Beauty,Makeup Kit,3,18500.0,55500.0,USSD
1072,2025-07-19,Customer 44,Lagos,Fashion,Handbag,4,30600.0,122400.0,USSD
1073,2025-07-21,Customer 76,Kano,Fashion,Handbag,5,31000.0,155000.0,Card
1406,2025-07-21,Customer 90,Lagos,Fashion,T-Shirt,3,9100.0,27300.0,Cash on Delivery
1037,2025-07-22,Customer 17,Port Harcourt,Home & Living,Bed Sheet Set,3,13400.0,40200.0,Cash on Delivery
1502,2025-07-24,Customer 59,Ibadan,Electronics,Headphones,2,16700.0,33400.0,Cash on Delivery
1110,2025-07-25,Customer 105,Port Harcourt,Home & Living,Cookware Set,3,29800.0,89400.0,Card
1413,2025-07-25,Customer 48,Lagos,Electronics,Smartphone,2,139900.0,279800.0,Card
1178,2025-07-25,Customer 68,Ibadan,Electronics,Power Bank,2,12100.0,24200.0,Card
1336,2025-07-25,Customer 69,Abuja,Beauty,Skincare Set,5,16300.0,81500.0,USSD
1511,2025-07-26,Customer 105,Abuja,Home & Living,Blender,5,21200.0,106000.0,Bank Transfer
1111,2025-07-26,Customer 111,Lagos,Beauty,Skincare Set,3,14900.0,44700.0,Card
1489,2025-07-26,Customer 3,Ibadan,Beauty,Hair Dryer,2,14800.0,29600.0,Bank Transfer
1574,2025-07-27,Customer 77,Lagos,Fashion,Sneakers,2,25700.0,51400.0,Card
1517,2025-07-29,Customer 14,Lagos,Home & Living,Blender,2,20500.0,41000.0,Cash on Delivery
1229,2025-07-29,Customer 106,Abuja,Electronics,Headphones,4,18600.0,74400.0,Card
1124,2025-07-29,Customer 112,Kano,Electronics,Smart Watch,1,48600.0,48600.0,Bank Transfer
1129,2025-07-30,Customer 73,Abuja,Home & Living,Table Lamp,2,8600.0,17200.0,Bank Transfer
1513,2025-07-31,Customer 5,Port Harcourt,Electronics,Power Bank,1,11100.0,11100.0,Card
1480,2025-07-31,Customer 7,Abuja,Beauty,Perfume,4,22700.0,90800.0,Bank Transfer
1237,2025-08-01,Customer 62,Abuja,Beauty,Hair Dryer,1,12200.0,12200.0,USSD
1201,2025-08-01,Customer 7,Ibadan,Electronics,Laptop,3,396400.0,1189200.0,USSD
1176,2025-08-02,Customer 38,Abuja,Home & Living,Curtains,4,11900.0,47600.0,Card
1454,2025-08-03,Customer 15,Ibadan,Beauty,Skincare Set,5,16800.0,84000.0,USSD
1070,2025-08-04,Customer 50,Abuja,Home & Living,Curtains,1,10500.0,10500.0,Card
1075,2025-08-04,Customer 33,Lagos,Fashion,Handbag,4,29100.0,116400.0,Card
1385,2025-08-05,Customer 90,Lagos,Beauty,Body Lotion,5,6600.0,33000.0,USSD
1043,2025-08-05,Customer 107,Kano,Beauty,Hair Dryer,1,12000.0,12000.0,Cash on Delivery
1374,2025-08-05,Customer 89,Port Harcourt,Electronics,Smartphone,1,172100.0,172100.0,Bank Transfer
1542,2025-08-06,Customer 107,Lagos,Electronics,Smartphone,2,167400.0,334800.0,Card
1155,2025-08-07,Customer 88,Lagos,Beauty,Skincare Set,4,17800.0,71200.0,Card
1346,2025-08-08,Customer 50,Port Harcourt,Beauty,Skincare Set,2,16200.0,32400.0,Card
1173,2025-08-09,Customer 23,Lagos,Home & Living,Table Lamp,1,9200.0,9200.0,Bank Transfer
1058,2025-08-09,Customer 101,Ibadan,Beauty,Body Lotion,3,5800.0,17400.0,Cash on Delivery
1440,2025-08-09,Customer 84,Kano,Home & Living,Curtains,4,11800.0,47200.0,Bank Transfer
1520,2025-08-10,Customer 108,Abuja,Beauty,Skincare Set,1,16600.0,16600.0,USSD
1219,2025-08-11,Customer 36,Lagos,Home & Living,Cookware Set,3,29500.0,88500.0,Card
1016,2025-08-11,Customer 21,Ibadan,Electronics,Smart Watch,3,41800.0,125400.0,USSD
1113,2025-08-13,Customer 113,Lagos,Electronics,Laptop,2,396200.0,792400.0,USSD
1187,2025-08-13,Customer 57,Port Harcourt,Electronics,Smart Watch,1,43300.0,43300.0,Bank Transfer
1501,2025-08-13,Customer 80,Port Harcourt,Electronics,Laptop,2,343800.0,687600.0,Cash on Delivery
1592,2025-08-13,Customer 2,Lagos,Home & Living,Curtains,2,11700.0,23400.0,Bank Transfer
1446,2025-08-14,Customer 60,Abuja,Home & Living,Cookware Set,4,25500.0,102000.0,Cash on Delivery
1254,2025-08-14,Customer 41,Kano,Electronics,Smart Watch,1,42600.0,42600.0,USSD
1323,2025-08-16,Customer 47,Lagos,Home & Living,Table Lamp,1,10200.0,10200.0,Cash on Delivery
1225,2025-08-16,Customer 12,Lagos,Fashion,Sneakers,1,25300.0,25300.0,Cash on Delivery
1353,2025-08-19,Customer 80,Lagos,Fashion,Handbag,2,29400.0,58800.0,Card
1519,2025-08-19,Customer 59,Lagos,Electronics,Power Bank,5,11200.0,56000.0,Bank Transfer
1545,2025-08-19,Customer 81,Ibadan,Electronics,Smart Watch,3,45100.0,135300.0,USSD
1186,2025-08-19,Customer 14,Abuja,Home & Living,Curtains,2,12500.0,25000.0,Cash on Delivery
1528,2025-08-20,Customer 14,Lagos,Electronics,Headphones,5,16300.0,81500.0,Bank Transfer
1275,2025-08-21,Customer 96,Lagos,Home & Living,Curtains,2,11200.0,22400.0,Cash on Delivery
1148,2025-08-21,Customer 12,Abuja,Home & Living,Blender,2,22800.0,45600.0,Bank Transfer
1566,2025-08-21,Customer 113,Abuja,Electronics,Laptop,3,349000.0,1047000.0,Card
1159,2025-08-21,Customer 52,Ibadan,Beauty,Makeup Kit,4,18700.0,74800.0,USSD
1349,2025-08-23,Customer 80,Abuja,Beauty,Body Lotion,1,5900.0,5900.0,Bank Transfer
1599,2025-08-23,Customer 88,Abuja,Beauty,Makeup Kit,2,20700.0,41400.0,USSD
1481,2025-08-23,Customer 19,Lagos,Fashion,T-Shirt,5,9000.0,45000.0,Cash on Delivery
1269,2025-08-23,Customer 83,Ibadan,Home & Living,Bed Sheet Set,3,13200.0,39600.0,Cash on Delivery
1083,2025-08-24,Customer 91,Lagos,Beauty,Makeup Kit,3,20100.0,60300.0,Bank Transfer
1175,2025-08-24,Customer 118,Ibadan,Electronics,Power Bank,1,12100.0,12100.0,Card
1143,2025-08-26,Customer 117,Lagos,Home & Living,Curtains,1,11600.0,11600.0,Cash on Delivery
1464,2025-08-26,Customer 65,Port Harcourt,Electronics,Headphones,3,17900.0,53700.0,USSD
1078,2025-08-27,Customer 90,Port Harcourt,Fashion,Handbag,5,34100.0,170500.0,Cash on Delivery
1479,2025-08-29,Customer 7,Abuja,Home & Living,Table Lamp,4,10000.0,40000.0,Card
1203,2025-08-30,Customer 90,Lagos,Home & Living,Bed Sheet Set,3,15800.0,47400.0,Bank Transfer
1282,2025-08-30,Customer 5,Kano,Electronics,Smart Watch,1,51600.0,51600.0,Cash on Delivery
1066,2025-09-01,Customer 58,Abuja,Beauty,Body Lotion,2,6500.0,13000.0,Cash on Delivery
1061,2025-09-01,Customer 79,Lagos,Fashion,T-Shirt,1,7700.0,7700.0,Card
1342,2025-09-01,Customer 13,Ibadan,Home & Living,Cookware Set,5,28600.0,143000.0,USSD
1313,2025-09-01,Customer 8,Lagos,Electronics,Smartphone,4,149100.0,596400.0,Card
1264,2025-09-01,Customer 62,Kano,Electronics,Smart Watch,2,45100.0,90200.0,Bank Transfer
1484,2025-09-02,Customer 50,Abuja,Fashion,Sunglasses,4,10000.0,40000.0,Card
1437,2025-09-03,Customer 101,Abuja,Beauty,Makeup Kit,4,17600.0,70400.0,Bank Transfer
1572,2025-09-03,Customer 27,Port Harcourt,Beauty,Hair Dryer,4,13900.0,55600.0,Bank Transfer
1581,2025-09-04,Customer 102,Ibadan,Beauty,Hair Dryer,5,13100.0,65500.0,USSD
1575,2025-09-04,Customer 22,Lagos,Home & Living,Blender,5,23000.0,115000.0,Bank Transfer
1133,2025-09-05,Customer 14,Ibadan,Home & Living,Cookware Set,2,32200.0,64400.0,Bank Transfer
1366,2025-09-07,Customer 42,Port Harcourt,Beauty,Body Lotion,3,6100.0,18300.0,Card
1430,2025-09-07,Customer 84,Port Harcourt,Fashion,T-Shirt,4,8800.0,35200.0,Cash on Delivery
1126,2025-09-07,Customer 112,Abuja,Home & Living,Curtains,3,11600.0,34800.0,Card
1119,2025-09-08,Customer 111,Ibadan,Home & Living,Table Lamp,5,10300.0,51500.0,Bank Transfer
1348,2025-09-08,Customer 68,Abuja,Home & Living,Bed Sheet Set,3,14900.0,44700.0,Cash on Delivery
1304,2025-09-08,Customer 93,Port Harcourt,Beauty,Body Lotion,3,5800.0,17400.0,USSD
1459,2025-09-09,Customer 110,Lagos,Home & Living,Table Lamp,3,8800.0,26400.0,Card
1144,2025-09-10,Customer 15,Lagos,Beauty,Skincare Set,1,15600.0,15600.0,Card
1327,2025-09-10,Customer 19,Lagos,Fashion,Handbag,3,29300.0,87900.0,Card
1425,2025-09-10,Customer 70,Abuja,Home & Living,Curtains,5,12500.0,62500.0,Cash on Delivery
1243,2025-09-11,Customer 77,Abuja,Fashion,T-Shirt,1,7300.0,7300.0,USSD
1135,2025-09-12,Customer 107,Abuja,Home & Living,Blender,1,22600.0,22600.0,Cash on Delivery
1112,2025-09-13,Customer 81,Lagos,Beauty,Makeup Kit,5,18800.0,94000.0,USSD
1512,2025-09-13,Customer 58,Abuja,Electronics,Power Bank,5,12100.0,60500.0,Cash on Delivery
1562,2025-09-14,Customer 66,Port Harcourt,Fashion,Sunglasses,3,9300.0,27900.0,Card
1578,2025-09-16,Customer 88,Lagos,Fashion,Sneakers,5,27900.0,139500.0,USSD
1118,2025-09-17,Customer 35,Ibadan,Electronics,Headphones,4,17700.0,70800.0,Card
1462,2025-09-17,Customer 52,Ibadan,Electronics,Smart Watch,1,44000.0,44000.0,Bank Transfer
1250,2025-09-17,Customer 107,Kano,Fashion,Handbag,3,31500.0,94500.0,USSD
1597,2025-09-17,Customer 14,Abuja,Beauty,Makeup Kit,3,17900.0,53700.0,Card
1053,2025-09-19,Customer 15,Port Harcourt,Beauty,Hair Dryer,3,13100.0,39300.0,USSD
1339,2025-09-19,Customer 96,Lagos,Home & Living,Cookware Set,1,27000.0,27000.0,Bank Transfer
1170,2025-09-20,Customer 15,Port Harcourt,Beauty,Makeup Kit,4,18400.0,73600.0,Cash on Delivery
1200,2025-09-20,Customer 19,Lagos,Electronics,Headphones,2,17400.0,34800.0,USSD
1022,2025-09-22,Customer 58,Abuja,Fashion,Jeans,3,15100.0,45300.0,Card
1461,2025-09-22,Customer 112,Abuja,Electronics,Laptop,4,379800.0,1519200.0,Cash on Delivery
1230,2025-09-22,Customer 45,Port Harcourt,Fashion,Jeans,4,15200.0,60800.0,Bank Transfer
1088,2025-09-22,Customer 25,Ibadan,Home & Living,Table Lamp,3,9400.0,28200.0,Card
1450,2025-09-22,Customer 103,Kano,Electronics,Power Bank,1,12300.0,12300.0,Bank Transfer
1397,2025-09-22,Customer 6,Abuja,Home & Living,Blender,1,18900.0,18900.0,USSD
1231,2025-09-23,Customer 20,Abuja,Fashion,T-Shirt,1,8900.0,8900.0,Cash on Delivery
1232,2025-09-23,Customer 115,Lagos,Fashion,T-Shirt,2,7900.0,15800.0,Cash on Delivery
1278,2025-09-24,Customer 57,Abuja,Fashion,Sunglasses,2,9800.0,19600.0,Card
1194,2025-09-27,Customer 5,Abuja,Home & Living,Blender,5,22200.0,111000.0,Cash on Delivery
1222,2025-09-29,Customer 47,Abuja,Beauty,Hair Dryer,1,13600.0,13600.0,USSD
1034,2025-09-29,Customer 21,Abuja,Electronics,Smartphone,5,169500.0,847500.0,Card
1018,2025-09-29,Customer 118,Abuja,Fashion,T-Shirt,2,8300.0,16600.0,Card
1548,2025-10-01,Customer 29,Abuja,Home & Living,Cookware Set,1,28500.0,28500.0,Bank Transfer
1367,2025-10-01,Customer 51,Port Harcourt,Electronics,Power Bank,3,13400.0,40200.0,Bank Transfer
1585,2025-10-02,Customer 55,Abuja,Electronics,Laptop,5,337200.0,1686000.0,Cash on Delivery
1347,2025-10-02,Customer 24,Lagos,Fashion,T-Shirt,1,8400.0,8400.0,Cash on Delivery
1261,2025-10-03,Customer 35,Port Harcourt,Home & Living,Cookware Set,4,26700.0,106800.0,Cash on Delivery
1054,2025-10-03,Customer 88,Lagos,Fashion,Jeans,4,13500.0,54000.0,Bank Transfer
1550,2025-10-03,Customer 71,Lagos,Fashion,Sneakers,5,26200.0,131000.0,Card
1598,2025-10-03,Customer 105,Kano,Home & Living,Table Lamp,5,10300.0,51500.0,Cash on Delivery
1084,2025-10-03,Customer 100,Port Harcourt,Beauty,Perfume,3,23200.0,69600.0,USSD
1293,2025-10-03,Customer 61,Lagos,Beauty,Makeup Kit,4,18000.0,72000.0,Bank Transfer
1068,2025-10-04,Customer 11,Lagos,Electronics,Headphones,3,17600.0,52800.0,Bank Transfer
1033,2025-10-05,Customer 8,Lagos,Fashion,T-Shirt,1,8400.0,8400.0,Cash on Delivery
1208,2025-10-06,Customer 65,Kano,Electronics,Smart Watch,1,51200.0,51200.0,Card
1213,2025-10-06,Customer 61,Kano,Electronics,Headphones,5,18000.0,90000.0,Cash on Delivery
1357,2025-10-06,Customer 106,Abuja,Beauty,Body Lotion,5,5600.0,28000.0,Cash on Delivery
1120,2025-10-06,Customer 49,Abuja,Beauty,Body Lotion,3,6200.0,18600.0,USSD
1536,2025-10-06,Customer 69,Lagos,Fashion,Sunglasses,5,9400.0,47000.0,USSD
1419,2025-10-06,Customer 102,Lagos,Fashion,Handbag,5,28900.0,144500.0,Card
1445,2025-10-06,Customer 50,Abuja,Home & Living,Cookware Set,3,25800.0,77400.0,Bank Transfer
1305,2025-10-07,Customer 63,Port Harcourt,Beauty,Perfume,3,20700.0,62100.0,Bank Transfer
1383,2025-10-07,Customer 88,Lagos,Home & Living,Table Lamp,5,9000.0,45000.0,Bank Transfer
1091,2025-10-09,Customer 43,Abuja,Beauty,Body Lotion,4,6900.0,27600.0,Cash on Delivery
1442,2025-10-09,Customer 108,Lagos,Home & Living,Table Lamp,1,9000.0,9000.0,USSD
1344,2025-10-10,Customer 21,Kano,Electronics,Laptop,2,360100.0,720200.0,Cash on Delivery
1228,2025-10-10,Customer 17,Abuja,Electronics,Headphones,3,18300.0,54900.0,Card
1199,2025-10-11,Customer 120,Lagos,Fashion,Jeans,4,16800.0,67200.0,Card
1398,2025-10-11,Customer 59,Ibadan,Electronics,Power Bank,3,11800.0,35400.0,Card
1015,2025-10-11,Customer 111,Abuja,Beauty,Makeup Kit,4,19600.0,78400.0,Card
1324,2025-10-12,Customer 66,Lagos,Electronics,Laptop,4,354300.0,1417200.0,USSD
1164,2025-10-12,Customer 48,Lagos,Fashion,Handbag,1,29600.0,29600.0,Card
1291,2025-10-13,Customer 76,Lagos,Fashion,Sunglasses,3,9700.0,29100.0,Bank Transfer
1586,2025-10-13,Customer 62,Ibadan,Home & Living,Cookware Set,4,29100.0,116400.0,Bank Transfer
1064,2025-10-13,Customer 32,Ibadan,Fashion,T-Shirt,5,8100.0,40500.0,Card
1326,2025-10-14,Customer 116,Lagos,Beauty,Skincare Set,4,17500.0,70000.0,Bank Transfer
1297,2025-10-14,Customer 28,Ibadan,Electronics,Laptop,5,378400.0,1892000.0,USSD
1514,2025-10-15,Customer 27,Kano,Electronics,Smart Watch,3,50500.0,151500.0,USSD
1354,2025-10-15,Customer 65,Abuja,Home & Living,Blender,2,22100.0,44200.0,USSD
1333,2025-10-16,Customer 26,Abuja,Fashion,Jeans,4,14900.0,59600.0,Bank Transfer
1277,2025-10-16,Customer 15,Abuja,Electronics,Smart Watch,3,41400.0,124200.0,Card
1420,2025-10-17,Customer 65,Abuja,Beauty,Hair Dryer,4,12800.0,51200.0,Cash on Delivery
1433,2025-10-17,Customer 14,Port Harcourt,Electronics,Laptop,5,334300.0,1671500.0,USSD
1081,2025-10-17,Customer 101,Ibadan,Electronics,Headphones,5,19800.0,99000.0,Card
1149,2025-10-17,Customer 27,Ibadan,Electronics,Smartphone,2,172100.0,344200.0,Card
1393,2025-10-18,Customer 22,Abuja,Beauty,Makeup Kit,1,19500.0,19500.0,Cash on Delivery
1405,2025-10-18,Customer 8,Lagos,Electronics,Smart Watch,4,41300.0,165200.0,USSD
1221,2025-10-18,Customer 5,Lagos,Electronics,Laptop,3,346700.0,1040100.0,Bank Transfer
1011,2025-10-18,Customer 113,Lagos,Home & Living,Cookware Set,2,31600.0,63200.0,Cash on Delivery
1303,2025-10-19,Customer 107,Lagos,Beauty,Hair Dryer,3,12400.0,37200.0,Bank Transfer
1504,2025-10-19,Customer 87,Abuja,Fashion,Sneakers,5,25500.0,127500.0,USSD
1185,2025-10-20,Customer 84,Abuja,Beauty,Makeup Kit,1,19200.0,19200.0,Bank Transfer
1207,2025-10-20,Customer 54,Abuja,Fashion,Jeans,5,14800.0,74000.0,Bank Transfer
1475,2025-10-20,Customer 105,Port Harcourt,Beauty,Makeup Kit,5,20500.0,102500.0,Bank Transfer
1525,2025-10-20,Customer 86,Ibadan,Home & Living,Blender,5,20400.0,102000.0,USSD
1497,2025-10-21,Customer 86,Lagos,Home & Living,Bed Sheet Set,1,15800.0,15800.0,USSD
1415,2025-10-21,Customer 56,Lagos,Electronics,Headphones,4,16400.0,65600.0,USSD
1587,2025-10-23,Customer 45,Abuja,Home & Living,Curtains,3,12600.0,37800.0,USSD
1392,2025-10-23,Customer 81,Lagos,Home & Living,Cookware Set,1,27000.0,27000.0,Card
1132,2025-10-28,Customer 39,Lagos,Home & Living,Curtains,4,12500.0,50000.0,USSD
1099,2025-10-29,Customer 55,Abuja,Fashion,Sunglasses,4,9700.0,38800.0,Cash on Delivery
1093,2025-10-29,Customer 98,Lagos,Fashion,T-Shirt,4,7800.0,31200.0,Cash on Delivery
1183,2025-10-30,Customer 8,Abuja,Beauty,Skincare Set,3,17600.0,52800.0,Cash on Delivery
1560,2025-10-30,Customer 28,Port Harcourt,Electronics,Smart Watch,5,47000.0,235000.0,Card
1065,2025-11-01,Customer 41,Ibadan,Beauty,Perfume,5,25200.0,126000.0,USSD
1382,2025-11-01,Customer 10,Abuja,Fashion,Handbag,2,30700.0,61400.0,Card
1351,2025-11-02,Customer 18,Port Harcourt,Fashion,Jeans,5,15000.0,75000.0,USSD
1117,2025-11-03,Customer 66,Abuja,Beauty,Perfume,2,21900.0,43800.0,Bank Transfer
1325,2025-11-03,Customer 101,Lagos,Electronics,Smartphone,5,138500.0,692500.0,Cash on Delivery
1590,2025-11-04,Customer 56,Ibadan,Beauty,Skincare Set,2,16300.0,32600.0,Card
1579,2025-11-04,Customer 5,Lagos,Fashion,Sunglasses,4,11300.0,45200.0,Card
1002,2025-11-05,Customer 4,Lagos,Beauty,Skincare Set,2,15300.0,30600.0,Bank Transfer
1106,2025-11-06,Customer 33,Abuja,Beauty,Skincare Set,4,17300.0,69200.0,Card
1021,2025-11-07,Customer 55,Kano,Fashion,Handbag,2,29000.0,58000.0,Bank Transfer
1457,2025-11-08,Customer 88,Lagos,Beauty,Skincare Set,4,15000.0,60000.0,USSD
1469,2025-11-08,Customer 104,Port Harcourt,Fashion,T-Shirt,1,7600.0,7600.0,Cash on Delivery
1196,2025-11-09,Customer 37,Abuja,Beauty,Skincare Set,2,18300.0,36600.0,USSD
1224,2025-11-10,Customer 37,Ibadan,Electronics,Headphones,4,17200.0,68800.0,USSD
1255,2025-11-10,Customer 118,Port Harcourt,Fashion,Handbag,4,30800.0,123200.0,USSD
1154,2025-11-11,Customer 6,Abuja,Home & Living,Curtains,4,11300.0,45200.0,Cash on Delivery
1563,2025-11-11,Customer 88,Abuja,Beauty,Hair Dryer,2,14500.0,29000.0,Bank Transfer
1321,2025-11-13,Customer 38,Port Harcourt,Beauty,Perfume,4,20300.0,81200.0,Bank Transfer
1177,2025-11-13,Customer 59,Kano,Beauty,Skincare Set,2,17600.0,35200.0,Cash on Delivery
1006,2025-11-13,Customer 114,Lagos,Electronics,Power Bank,3,13300.0,39900.0,Cash on Delivery
1494,2025-11-13,Customer 16,Ibadan,Fashion,Handbag,1,30800.0,30800.0,Cash on Delivery
1136,2025-11-14,Customer 33,Ibadan,Fashion,Sunglasses,2,10600.0,21200.0,Bank Transfer
1417,2025-11-14,Customer 79,Abuja,Home & Living,Table Lamp,2,8200.0,16400.0,Bank Transfer
1554,2025-11-14,Customer 9,Lagos,Home & Living,Table Lamp,2,8300.0,16600.0,Bank Transfer
1038,2025-11-15,Customer 73,Kano,Beauty,Hair Dryer,1,11700.0,11700.0,Card
1165,2025-11-15,Customer 79,Lagos,Home & Living,Curtains,4,12200.0,48800.0,Card
1077,2025-11-15,Customer 20,Kano,Electronics,Smartphone,2,166500.0,333000.0,Bank Transfer
1491,2025-11-16,Customer 7,Ibadan,Electronics,Power Bank,3,13100.0,39300.0,Card
1234,2025-11-16,Customer 93,Kano,Fashion,Sunglasses,2,9400.0,18800.0,Cash on Delivery
1246,2025-11-16,Customer 88,Abuja,Electronics,Power Bank,5,11600.0,58000.0,Card
1233,2025-11-17,Customer 39,Lagos,Electronics,Headphones,5,17400.0,87000.0,Card
1369,2025-11-17,Customer 101,Ibadan,Beauty,Hair Dryer,1,11800.0,11800.0,USSD
1559,2025-11-17,Customer 10,Ibadan,Home & Living,Bed Sheet Set,2,13500.0,27000.0,Card
1182,2025-11-18,Customer 41,Port Harcourt,Beauty,Body Lotion,5,5900.0,29500.0,Bank Transfer
1452,2025-11-18,Customer 19,Kano,Beauty,Skincare Set,4,15200.0,60800.0,Cash on Delivery
1181,2025-11-18,Customer 64,Lagos,Fashion,Sunglasses,1,9400.0,9400.0,USSD
1167,2025-11-21,Customer 4,Port Harcourt,Fashion,Sunglasses,1,9400.0,9400.0,Card
1322,2025-11-21,Customer 20,Lagos,Electronics,Smartphone,4,161700.0,646800.0,USSD
1531,2025-11-21,Customer 91,Ibadan,Fashion,Sunglasses,4,11100.0,44400.0,Cash on Delivery
1042,2025-11-21,Customer 110,Port Harcourt,Home & Living,Table Lamp,3,8600.0,25800.0,Cash on Delivery
1274,2025-11-24,Customer 118,Port Harcourt,Fashion,Handbag,3,32200.0,96600.0,Cash on Delivery
1472,2025-11-24,Customer 42,Abuja,Home & Living,Blender,3,22900.0,68700.0,Cash on Delivery
1546,2025-11-25,Customer 93,Lagos,Beauty,Hair Dryer,1,13400.0,13400.0,Card
1509,2025-11-26,Customer 120,Ibadan,Fashion,Sunglasses,5,9100.0,45500.0,Bank Transfer
1352,2025-11-27,Customer 120,Abuja,Beauty,Perfume,5,23600.0,118000.0,Bank Transfer
1551,2025-11-27,Customer 109,Port Harcourt,Home & Living,Bed Sheet Set,3,13300.0,39900.0,Bank Transfer
1027,2025-11-27,Customer 13,Abuja,Beauty,Makeup Kit,1,20300.0,20300.0,Card
1089,2025-11-27,Customer 92,Abuja,Fashion,Handbag,2,32200.0,64400.0,USSD
1414,2025-11-27,Customer 57,Lagos,Home & Living,Blender,1,19000.0,19000.0,Bank Transfer
1338,2025-11-27,Customer 87,Port Harcourt,Home & Living,Bed Sheet Set,1,14600.0,14600.0,USSD
1082,2025-11-28,Customer 44,Abuja,Home & Living,Curtains,3,10100.0,30300.0,Card
1549,2025-11-28,Customer 48,Lagos,Beauty,Body Lotion,2,5800.0,11600.0,Card
1538,2025-11-29,Customer 2,Abuja,Fashion,Sunglasses,5,11100.0,55500.0,Card
1387,2025-11-29,Customer 88,Lagos,Fashion,Sunglasses,5,10600.0,53000.0,Card
1358,2025-12-01,Customer 97,Abuja,Electronics,Power Bank,4,11100.0,44400.0,Bank Transfer
1389,2025-12-03,Customer 95,Port Harcourt,Electronics,Power Bank,1,11700.0,11700.0,Bank Transfer
1036,2025-12-03,Customer 75,Abuja,Fashion,Sunglasses,5,9200.0,46000.0,Cash on Delivery
1521,2025-12-03,Customer 77,Lagos,Fashion,Sunglasses,2,9300.0,18600.0,Cash on Delivery
1308,2025-12-04,Customer 63,Lagos,Beauty,Hair Dryer,5,14700.0,73500.0,Card
1026,2025-12-04,Customer 56,Ibadan,Fashion,Handbag,2,27700.0,55400.0,Cash on Delivery
1564,2025-12-04,Customer 112,Lagos,Fashion,Handbag,5,34100.0,170500.0,Bank Transfer
1335,2025-12-04,Customer 20,Lagos,Beauty,Makeup Kit,3,18200.0,54600.0,USSD
1493,2025-12-05,Customer 13,Lagos,Beauty,Perfume,1,21500.0,21500.0,Cash on Delivery
1443,2025-12-05,Customer 81,Abuja,Fashion,Sneakers,4,23000.0,92000.0,USSD
1256,2025-12-06,Customer 62,Abuja,Electronics,Laptop,5,343400.0,1717000.0,USSD
1122,2025-12-06,Customer 102,Port Harcourt,Electronics,Headphones,4,17900.0,71600.0,Bank Transfer
1055,2025-12-06,Customer 109,Lagos,Home & Living,Cookware Set,3,29600.0,88800.0,Card
1508,2025-12-06,Customer 87,Port Harcourt,Electronics,Power Bank,2,12200.0,24400.0,USSD
1447,2025-12-08,Customer 13,Abuja,Fashion,Jeans,2,16300.0,32600.0,Card
1171,2025-12-08,Customer 40,Lagos,Beauty,Skincare Set,5,16300.0,81500.0,Card
1174,2025-12-09,Customer 104,Port Harcourt,Beauty,Body Lotion,5,6200.0,31000.0,Cash on Delivery
1086,2025-12-09,Customer 49,Lagos,Home & Living,Cookware Set,4,29200.0,116800.0,Cash on Delivery
1306,2025-12-09,Customer 7,Lagos,Electronics,Smart Watch,1,51100.0,51100.0,Card
1292,2025-12-10,Customer 49,Abuja,Beauty,Body Lotion,3,6800.0,20400.0,Cash on Delivery
1109,2025-12-10,Customer 14,Abuja,Beauty,Skincare Set,4,15700.0,62800.0,Bank Transfer
1476,2025-12-10,Customer 46,Port Harcourt,Home & Living,Bed Sheet Set,4,15800.0,63200.0,Cash on Delivery
1524,2025-12-11,Customer 17,Lagos,Fashion,T-Shirt,3,8600.0,25800.0,Bank Transfer
1376,2025-12-13,Customer 19,Lagos,Home & Living,Table Lamp,2,9500.0,19000.0,Card
1364,2025-12-13,Customer 51,Lagos,Fashion,T-Shirt,3,8900.0,26700.0,USSD
1014,2025-12-15,Customer 55,Ibadan,Electronics,Smartphone,2,158500.0,317000.0,Card
1527,2025-12-16,Customer 33,Lagos,Electronics,Laptop,2,401100.0,802200.0,Bank Transfer
1468,2025-12-16,Customer 2,Lagos,Fashion,T-Shirt,4,8200.0,32800.0,USSD
1505,2025-12-17,Customer 113,Abuja,Fashion,Sunglasses,3,10500.0,31500.0,Bank Transfer
1211,2025-12-17,Customer 60,Lagos,Home & Living,Curtains,2,12200.0,24400.0,USSD
1488,2025-12-18,Customer 18,Abuja,Beauty,Body Lotion,3,6100.0,18300.0,Cash on Delivery
1547,2025-12-18,Customer 39,Abuja,Electronics,Smartphone,5,139000.0,695000.0,Card
1318,2025-12-19,Customer 93,Ibadan,Home & Living,Cookware Set,2,30700.0,61400.0,Card
1466,2025-12-19,Customer 12,Lagos,Home & Living,Table Lamp,3,9800.0,29400.0,Cash on Delivery
1380,2025-12-20,Customer 4,Port Harcourt,Fashion,Sunglasses,5,9700.0,48500.0,Cash on Delivery
1045,2025-12-20,Customer 116,Lagos,Beauty,Body Lotion,1,6800.0,6800.0,Bank Transfer
1125,2025-12-21,Customer 51,Ibadan,Electronics,Power Bank,3,11800.0,35400.0,Card
1195,2025-12-21,Customer 99,Abuja,Fashion,Sunglasses,2,9500.0,19000.0,Bank Transfer
1332,2025-12-22,Customer 82,Kano,Home & Living,Bed Sheet Set,3,13600.0,40800.0,USSD
1401,2025-12-22,Customer 113,Lagos,Beauty,Skincare Set,3,16900.0,50700.0,Card
1555,2025-12-22,Customer 75,Abuja,Home & Living,Cookware Set,5,29800.0,149000.0,Bank Transfer
1331,2025-12-22,Customer 26,Lagos,Beauty,Body Lotion,3,6300.0,18900.0,USSD
1062,2025-12-23,Customer 50,Ibadan,Beauty,Makeup Kit,5,18000.0,90000.0,USSD
1503,2025-12-23,Customer 93,Ibadan,Beauty,Makeup Kit,2,17600.0,35200.0,Card
1312,2025-12-23,Customer 29,Kano,Electronics,Headphones,4,18700.0,74800.0,Cash on Delivery
1056,2025-12-23,Customer 38,Lagos,Home & Living,Curtains,4,10800.0,43200.0,Bank Transfer
1145,2025-12-23,Customer 70,Lagos,Fashion,Sunglasses,4,9900.0,39600.0,USSD
1032,2025-12-23,Customer 94,Kano,Beauty,Hair Dryer,4,12600.0,50400.0,USSD
1424,2025-12-24,Customer 46,Lagos,Home & Living,Bed Sheet Set,5,13700.0,68500.0,Card
1593,2025-12-24,Customer 30,Lagos,Home & Living,Bed Sheet Set,5,14400.0,72000.0,Bank Transfer
1523,2025-12-26,Customer 71,Abuja,Fashion,T-Shirt,5,7800.0,39000.0,Cash on Delivery
1040,2025-12-27,Customer 39,Lagos,Fashion,Jeans,4,16600.0,66400.0,Card
1288,2025-12-27,Customer 112,Abuja,Electronics,Smartphone,4,157400.0,629600.0,Card
1595,2025-12-27,Customer 9,Abuja,Home & Living,Cookware Set,2,28800.0,57600.0,Card
1589,2025-12-28,Customer 7,Ibadan,Beauty,Hair Dryer,5,14000.0,70000.0,Bank Transfer
1102,2025-12-28,Customer 37,Abuja,Beauty,Body Lotion,1,5700.0,5700.0,USSD
1535,2025-12-29,Customer 41,Ibadan,Home & Living,Cookware Set,5,27700.0,138500.0,Bank Transfer
1114,2025-12-30,Customer 21,Kano,Electronics,Smartphone,5,165000.0,825000.0,Cash on Delivery
1360,2025-12-30,Customer 79,Ibadan,Fashion,T-Shirt,5,8600.0,43000.0,USSD
1410,2025-12-31,Customer 32,Ibadan,Electronics,Laptop,3,328000.0,984000.0,Cash on Delivery
